{"station_join":[{"station_cd1":2200601,"station_cd2":2200602,"station_name1":"多摩湖","lat1":35.765881,"lon1":139.442747,"station_name2":"西武園ゆうえんち","lat2":35.769042,"lon2":139.440166},{"station_cd1":2200602,"station_cd2":2200603,"station_name1":"西武園ゆうえんち","lat1":35.769042,"lon1":139.440166,"station_name2":"西武球場前","lat2":35.77093,"lon2":139.41966}]}