{"station_join":[{"station_cd1":2200401,"station_cd2":2200402,"station_name1":"練馬","lat1":35.737893,"lon1":139.654368,"station_name2":"豊島園","lat2":35.742054,"lon2":139.647979}]}