{"station_join":[{"station_cd1":3001101,"station_cd2":3001102,"station_name1":"大江","lat1":35.093258,"lon1":136.912758,"station_name2":"東名古屋港","lat2":35.089091,"lon2":136.899255}]}