{"station_join":[{"station_cd1":3600201,"station_cd2":3600202,"station_name1":"西鉄二日市","lat1":33.502192,"lon1":130.517871,"station_name2":"西鉄五条","lat2":33.51111,"lon2":130.526106},{"station_cd1":3600202,"station_cd2":3600203,"station_name1":"西鉄五条","lat1":33.51111,"lon1":130.526106,"station_name2":"太宰府","lat2":33.51904,"lon2":130.531406}]}